2010/1/1,
2010/1/11,l̓
2010/2/11,LO̓
2010/3/21,t̓
2010/3/22,U֋x
2010/4/29,a̓
2010/5/3,@LO
2010/5/4,݂ǂ̓
2010/5/5,ǂ̓
2010/7/19,C̓
2010/9/20,hV̓
2010/9/23,H̓
2010/10/11,̈̓
2010/11/3,̓
2010/11/23,ΘJӂ̓
2010/12/23,Vca
2011/1/1,
2011/1/10,l̓
2011/2/11,LO̓
2011/3/21,t̓
2011/4/29,a̓
2011/5/3,@LO
2011/5/4,݂ǂ̓
2011/5/5,ǂ̓
2011/7/18,C̓
2011/9/19,hV̓
2011/9/23,H̓
2011/10/10,̈̓
2011/11/3,̓
2011/11/23,ΘJӂ̓
2011/12/23,Vca
2012/1/1,
2012/1/2,U֋x
2012/1/9,l̓
2012/2/11,LO̓
2012/3/20,t̓
2012/4/29,a̓
2012/4/30,U֋x
2012/5/3,@LO
2012/5/4,݂ǂ̓
2012/5/5,ǂ̓
2012/7/16,C̓
2012/9/17,hV̓
2012/9/22,H̓
2012/10/8,̈̓
2012/11/3,̓
2012/11/23,ΘJӂ̓
2012/12/23,Vca
2012/12/24,U֋x
2013/1/1,
2013/1/14,l̓
2013/2/11,LO̓
2013/3/20,t̓
2013/4/29,a̓
2013/5/3,@LO
2013/5/4,݂ǂ̓
2013/5/5,ǂ̓
2013/5/6,U֋x
2013/7/15,C̓
2013/9/16,hV̓
2013/9/23,H̓
2013/10/14,̈̓
2013/11/3,̓
2013/11/4,U֋x
2013/11/23,ΘJӂ̓
2013/12/23,Vca
2014/1/1,
2014/1/13,l̓
2014/2/11,LO̓
2014/3/21,t̓
2014/4/29,a̓
2014/5/3,@LO
2014/5/4,݂ǂ̓
2014/5/5,ǂ̓
2014/5/6,U֋x
2014/7/21,C̓
2014/9/15,hV̓
2014/9/23,H̓
2014/10/13,̈̓
2014/11/3,̓
2014/11/23,ΘJӂ̓
2014/11/24,U֋x
2014/12/23,Vca
2015/1/1,
2015/1/12,l̓
2015/2/11,LO̓
2015/3/21,t̓
2015/4/29,a̓
2015/5/3,@LO
2015/5/4,݂ǂ̓
2015/5/5,ǂ̓
2015/5/6,U֋x
2015/7/20,C̓
2015/9/21,hV̓
2015/9/22,̋x
2015/9/23,H̓
2015/10/12,̈̓
2015/11/3,̓
2015/11/23,ΘJӂ̓
2015/12/23,Vca
2016/1/1,
2016/1/11,l̓
2016/2/11,LO̓
2016/3/20,t̓
2016/3/21,U֋x
2016/4/29,a̓
2016/5/3,@LO
2016/5/4,݂ǂ̓
2016/5/5,ǂ̓
2016/7/18,C̓
2016/8/11,R̓
2016/9/19,hV̓
2016/9/22,H̓
2016/10/10,̈̓
2016/11/3,̓
2016/11/23,ΘJӂ̓
2016/12/23,Vca
2017/1/1,
2017/1/2,U֋x
2017/1/9,l̓
2017/2/11,LO̓
2017/3/20,t̓
2017/4/29,a̓
2017/5/3,@LO
2017/5/4,݂ǂ̓
2017/5/5,ǂ̓
2017/7/17,C̓
2017/8/11,R̓
2017/9/18,hV̓
2017/9/23,H̓
2017/10/9,̈̓
2017/11/3,̓
2017/11/23,ΘJӂ̓
2017/12/23,Vca
2018/1/1,
2018/1/8,l̓
2018/2/11,LO̓
2018/2/12,U֋x
2018/3/21,t̓
2018/4/29,a̓
2018/4/30,U֋x
2018/5/3,@LO
2018/5/4,݂ǂ̓
2018/5/5,ǂ̓
2018/7/16,C̓
2018/8/11,R̓
2018/9/17,hV̓
2018/9/23,H̓
2018/9/24,U֋x
2018/10/8,̈̓
2018/11/3,̓
2018/11/23,ΘJӂ̓
2018/12/23,Vca
2018/12/24,U֋x
